"Graffiti Types","Null Mean MHI","P Value","Observed MHI Value","Scenario","Error Rate","Replicate","Deficit (%)"
"Masterpiece vs Tag",0.297943325090602,0.005,0.184035493438351,"Adjacent boundary only",0.05,1,38.2313755871564
"Masterpiece vs SITS",0.347734460704133,0.005,0.249043919956631,"Adjacent boundary only",0.05,1,28.3810067451072
"Tag vs SITS",0.823104094131987,0.005,0.755519069169952,"Adjacent boundary only",0.05,1,8.21099365728549
"Masterpiece vs Tag",0.302395105788954,0.005,0.190120737024396,"Adjacent boundary only",0.05,2,37.1283683549152
"Masterpiece vs SITS",0.352586418180316,0.005,0.264106029373659,"Adjacent boundary only",0.05,2,25.0946673622033
"Tag vs SITS",0.821756837849306,0.005,0.75051433226779,"Adjacent boundary only",0.05,2,8.66953608417434
"Masterpiece vs Tag",0.29085302802031,0.005,0.176446481254443,"Adjacent boundary only",0.05,3,39.334830909128
"Masterpiece vs SITS",0.340212342323595,0.005,0.235278289710216,"Adjacent boundary only",0.05,3,30.8436936463552
"Tag vs SITS",0.824241935785307,0.005,0.753741505213333,"Adjacent boundary only",0.05,3,8.55336613088047
"Masterpiece vs Tag",0.297859567488901,0.005,0.173801394923777,"Adjacent boundary only",0.05,4,41.6498867607289
"Masterpiece vs SITS",0.348235372533,0.005,0.219808853962709,"Adjacent boundary only",0.05,4,36.8792284471679
"Tag vs SITS",0.825834228888068,0.005,0.750900132261446,"Adjacent boundary only",0.05,4,9.07374555393721
"Masterpiece vs Tag",0.298173803715596,0.005,0.178504511853855,"Adjacent boundary only",0.05,5,40.1340729368312
"Masterpiece vs SITS",0.347127645685951,0.005,0.240758267187018,"Adjacent boundary only",0.05,5,30.6427274868122
"Tag vs SITS",0.825668002188279,0.005,0.75666898321703,"Adjacent boundary only",0.05,5,8.35675099293911
"Masterpiece vs Tag",0.294859137911693,0.005,0.179675035265073,"Adjacent boundary only",0.05,6,39.0641115830421
"Masterpiece vs SITS",0.34426426414526,0.005,0.237348738959392,"Adjacent boundary only",0.05,6,31.0562368276352
"Tag vs SITS",0.825141271746187,0.005,0.753349651548518,"Adjacent boundary only",0.05,6,8.70052470478681
"Masterpiece vs Tag",0.299682943003187,0.005,0.178340917573699,"Adjacent boundary only",0.05,7,40.4901340775333
"Masterpiece vs SITS",0.34865797770144,0.005,0.240683933135666,"Adjacent boundary only",0.05,7,30.9684709575852
"Tag vs SITS",0.823431221884278,0.005,0.748210142116105,"Adjacent boundary only",0.05,7,9.13507743804549
"Masterpiece vs Tag",0.306998562331827,0.005,0.178735801805514,"Adjacent boundary only",0.05,8,41.7795964750079
"Masterpiece vs SITS",0.358494874268024,0.005,0.231728428877776,"Adjacent boundary only",0.05,8,35.3607413910953
"Tag vs SITS",0.821325937822858,0.005,0.740894968379316,"Adjacent boundary only",0.05,8,9.7928198464968
"Masterpiece vs Tag",0.313705626710197,0.005,0.185689979697587,"Adjacent boundary only",0.05,9,40.8075712109784
"Masterpiece vs SITS",0.365389084793359,0.005,0.254388531954761,"Adjacent boundary only",0.05,9,30.3787270770205
"Tag vs SITS",0.822037856596488,0.005,0.747852123341472,"Adjacent boundary only",0.05,9,9.02461275471793
"Masterpiece vs Tag",0.312681738716462,0.005,0.184510247617349,"Adjacent boundary only",0.05,10,40.9910382439499
"Masterpiece vs SITS",0.363082337526299,0.005,0.241596041462519,"Adjacent boundary only",0.05,10,33.4597096877456
"Tag vs SITS",0.820920229543806,0.005,0.75248719891225,"Adjacent boundary only",0.05,10,8.33613646840994
"Masterpiece vs Tag",0.314133615250596,0.005,0.186484131072213,"Adjacent boundary only",0.05,11,40.6354105327289
"Masterpiece vs SITS",0.36472912186247,0.005,0.250086886095754,"Adjacent boundary only",0.05,11,31.432158523921
"Tag vs SITS",0.823543987446657,0.005,0.756282222431243,"Adjacent boundary only",0.05,11,8.16735548321518
"Masterpiece vs Tag",0.300473958736333,0.005,0.167376012518639,"Adjacent boundary only",0.05,12,44.2960004845173
"Masterpiece vs SITS",0.34919505039336,0.005,0.224986755121057,"Adjacent boundary only",0.05,12,35.5698899891007
"Tag vs SITS",0.82465547403273,0.005,0.756107844992486,"Adjacent boundary only",0.05,12,8.31227478610339
"Masterpiece vs Tag",0.297318917478947,0.005,0.179240228406185,"Adjacent boundary only",0.05,13,39.7144890994442
"Masterpiece vs SITS",0.34765147885573,0.005,0.248628502835812,"Adjacent boundary only",0.05,13,28.483404225935
"Tag vs SITS",0.825452735865268,0.005,0.749569827913194,"Adjacent boundary only",0.05,13,9.19288345110779
"Masterpiece vs Tag",0.31213161857789,0.005,0.176022796343265,"Adjacent boundary only",0.05,14,43.6062270316458
"Masterpiece vs SITS",0.363200740915545,0.005,0.242012399220912,"Adjacent boundary only",0.05,14,33.366766099966
"Tag vs SITS",0.823605852346228,0.005,0.751388920998242,"Adjacent boundary only",0.05,14,8.76838491886131
"Masterpiece vs Tag",0.303847451671117,0.005,0.177307625015234,"Adjacent boundary only",0.05,15,41.64584101658
"Masterpiece vs SITS",0.352946221623897,0.005,0.231010167405322,"Adjacent boundary only",0.05,15,34.548054844602
"Tag vs SITS",0.825248754704862,0.005,0.761421571666399,"Adjacent boundary only",0.05,15,7.73429619548952
"Masterpiece vs Tag",0.299696951825333,0.005,0.183060012934364,"Adjacent boundary only",0.05,16,38.9182933561989
"Masterpiece vs SITS",0.348555121885268,0.005,0.252350779686929,"Adjacent boundary only",0.05,16,27.6008975791225
"Tag vs SITS",0.826022716810961,0.005,0.755295659266183,"Adjacent boundary only",0.05,16,8.56236228197635
"Masterpiece vs Tag",0.300572478864198,0.005,0.171386454296503,"Adjacent boundary only",0.05,17,42.9799910676661
"Masterpiece vs SITS",0.351158256421047,0.005,0.228876673497802,"Adjacent boundary only",0.05,17,34.8223573523575
"Tag vs SITS",0.823948699500515,0.005,0.757376690500184,"Adjacent boundary only",0.05,17,8.07963032658318
"Masterpiece vs Tag",0.28951200114985,0.005,0.161552229504719,"Adjacent boundary only",0.05,18,44.1984343090841
"Masterpiece vs SITS",0.338998301578666,0.005,0.211410906135358,"Adjacent boundary only",0.05,18,37.6365883985707
"Tag vs SITS",0.824263404205264,0.005,0.757475434671172,"Adjacent boundary only",0.05,18,8.10274594181308
"Masterpiece vs Tag",0.300626084761142,0.005,0.180131781450306,"Adjacent boundary only",0.05,19,40.0811205077474
"Masterpiece vs SITS",0.352225746322806,0.005,0.249849226784429,"Adjacent boundary only",0.05,19,29.0655980169466
"Tag vs SITS",0.822597693771216,0.005,0.750268052277537,"Adjacent boundary only",0.05,19,8.79283300225193
"Masterpiece vs Tag",0.290081759427502,0.005,0.16236313946894,"Adjacent boundary only",0.05,20,44.0284905230251
"Masterpiece vs SITS",0.340358039882918,0.005,0.224949909097809,"Adjacent boundary only",0.05,20,33.9078609175235
"Tag vs SITS",0.822816284234809,0.005,0.743552863980276,"Adjacent boundary only",0.05,20,9.63318565434638
"Masterpiece vs Tag",0.339209184438137,0.005,0.221579260348732,"Adjacent boundary only",0.1,1,34.677694321351
"Masterpiece vs SITS",0.384317850142142,0.005,0.284808841104034,"Adjacent boundary only",0.1,1,25.8923724207199
"Tag vs SITS",0.843564296110243,0.005,0.797167440426855,"Adjacent boundary only",0.1,1,5.50009713513589
"Masterpiece vs Tag",0.349712227159599,0.005,0.235296383941822,"Adjacent boundary only",0.1,2,32.7171412183882
"Masterpiece vs SITS",0.394943484369555,0.005,0.307182359534363,"Adjacent boundary only",0.1,2,22.2211856400884
"Tag vs SITS",0.843311465288019,0.005,0.798938369173047,"Adjacent boundary only",0.1,2,5.26176839061677
"Masterpiece vs Tag",0.353160781582463,0.005,0.232925354949823,"Adjacent boundary only",0.1,3,34.0455205965629
"Masterpiece vs SITS",0.397068167039775,0.005,0.29853551884566,"Adjacent boundary only",0.1,3,24.81504597276
"Tag vs SITS",0.843357945208458,0.005,0.802895775202279,"Adjacent boundary only",0.1,3,4.79774575387185
"Masterpiece vs Tag",0.335095793519439,0.005,0.223123418390892,"Adjacent boundary only",0.1,4,33.4150345346103
"Masterpiece vs SITS",0.378453887340259,0.005,0.27929070848196,"Adjacent boundary only",0.1,4,26.2021826635761
"Tag vs SITS",0.844002755830722,0.005,0.801340053396472,"Adjacent boundary only",0.1,4,5.05480605833557
"Masterpiece vs Tag",0.340927591087748,0.005,0.222447179793541,"Adjacent boundary only",0.1,5,34.7523680662481
"Masterpiece vs SITS",0.386085748653381,0.005,0.289891629538259,"Adjacent boundary only",0.1,5,24.9152214114701
"Tag vs SITS",0.843255054847361,0.005,0.797292987343186,"Adjacent boundary only",0.1,5,5.45055345235903
"Masterpiece vs Tag",0.344447070932763,0.005,0.236811675540299,"Adjacent boundary only",0.1,6,31.2487474783822
"Masterpiece vs SITS",0.390839800815667,0.005,0.299119602386948,"Adjacent boundary only",0.1,6,23.4674662706569
"Tag vs SITS",0.841846092629537,0.005,0.795839834330431,"Adjacent boundary only",0.1,6,5.46492508570104
"Masterpiece vs Tag",0.360036956448895,0.005,0.244931987737069,"Adjacent boundary only",0.1,7,31.9703204490798
"Masterpiece vs SITS",0.407545810130297,0.005,0.31922508810253,"Adjacent boundary only",0.1,7,21.6713605765031
"Tag vs SITS",0.841693468480895,0.005,0.78899518236575,"Adjacent boundary only",0.1,7,6.26098313561296
"Masterpiece vs Tag",0.363515409923527,0.005,0.270174577677233,"Adjacent boundary only",0.1,8,25.6772697107751
"Masterpiece vs SITS",0.410019404629931,0.005,0.348684581123237,"Adjacent boundary only",0.1,8,14.9590050651511
"Tag vs SITS",0.841290725197318,0.005,0.790084824476411,"Adjacent boundary only",0.1,8,6.08658804706269
"Masterpiece vs Tag",0.34437217177479,0.005,0.231875900247758,"Adjacent boundary only",0.1,9,32.6670621924123
"Masterpiece vs SITS",0.38813703911913,0.005,0.288695118843784,"Adjacent boundary only",0.1,9,25.6203119653375
"Tag vs SITS",0.845178167503576,0.005,0.807609771604305,"Adjacent boundary only",0.1,9,4.44502678177766
"Masterpiece vs Tag",0.353271038504124,0.005,0.229134082107111,"Adjacent boundary only",0.1,10,35.1392961400553
"Masterpiece vs SITS",0.399213511606963,0.005,0.296187576682318,"Adjacent boundary only",0.1,10,25.8072264412928
"Tag vs SITS",0.841841665183178,0.005,0.793677350486214,"Adjacent boundary only",0.1,10,5.72130326745994
"Masterpiece vs Tag",0.341765431934021,0.005,0.234120708194545,"Adjacent boundary only",0.1,11,31.496668089082
"Masterpiece vs SITS",0.387266191474853,0.005,0.309507383183824,"Adjacent boundary only",0.1,11,20.0789043822529
"Tag vs SITS",0.841407636954356,0.005,0.795339721004811,"Adjacent boundary only",0.1,11,5.4751007628476
"Masterpiece vs Tag",0.342432527283222,0.005,0.222682327915181,"Adjacent boundary only",0.1,12,34.9704510602747
"Masterpiece vs SITS",0.387802841074581,0.005,0.291431803648746,"Adjacent boundary only",0.1,12,24.8505238277255
"Tag vs SITS",0.843647680064258,0.005,0.796825999575776,"Adjacent boundary only",0.1,12,5.54990923283474
"Masterpiece vs Tag",0.345394811522747,0.005,0.228381060678894,"Adjacent boundary only",0.1,13,33.8782595858845
"Masterpiece vs SITS",0.389822782780325,0.005,0.299488211307095,"Adjacent boundary only",0.1,13,23.1732406271738
"Tag vs SITS",0.843359457730208,0.005,0.799478991122161,"Adjacent boundary only",0.1,13,5.20305620644206
"Masterpiece vs Tag",0.353707956630904,0.005,0.237655994427526,"Adjacent boundary only",0.1,14,32.810107894881
"Masterpiece vs SITS",0.400168561258874,0.005,0.303197606806069,"Adjacent boundary only",0.1,14,24.2325269500802
"Tag vs SITS",0.841314510907946,0.005,0.799352385658637,"Adjacent boundary only",0.1,14,4.98768590167589
"Masterpiece vs Tag",0.328505925057814,0.005,0.220514055203346,"Adjacent boundary only",0.1,15,32.8736444663707
"Masterpiece vs SITS",0.372646118661435,0.005,0.292224288846182,"Adjacent boundary only",0.1,15,21.5812873897983
"Tag vs SITS",0.843707234832436,0.005,0.795682967031072,"Adjacent boundary only",0.1,15,5.6920535724578
"Masterpiece vs Tag",0.35761118255466,0.005,0.248934751466928,"Adjacent boundary only",0.1,16,30.3895505479953
"Masterpiece vs SITS",0.403966170296329,0.005,0.308555588037079,"Adjacent boundary only",0.1,16,23.6184584935075
"Tag vs SITS",0.842184975750385,0.005,0.792691912105505,"Adjacent boundary only",0.1,16,5.87674502276436
"Masterpiece vs Tag",0.342939198689458,0.005,0.218142902545314,"Adjacent boundary only",0.1,17,36.3902104574377
"Masterpiece vs SITS",0.386506995710471,0.005,0.283431627449049,"Adjacent boundary only",0.1,17,26.6684353466748
"Tag vs SITS",0.844288959561084,0.005,0.808285880397525,"Adjacent boundary only",0.1,17,4.26430770601044
"Masterpiece vs Tag",0.339961131838254,0.005,0.235600763498639,"Adjacent boundary only",0.1,18,30.6977352897119
"Masterpiece vs SITS",0.384804168891342,0.005,0.294771781637167,"Adjacent boundary only",0.1,18,23.3969365543951
"Tag vs SITS",0.841747461123726,0.005,0.791092835309259,"Adjacent boundary only",0.1,18,6.01779371533166
"Masterpiece vs Tag",0.349658826150866,0.005,0.223106490616896,"Adjacent boundary only",0.1,19,36.1930905411687
"Masterpiece vs SITS",0.395333116600811,0.005,0.295148181091159,"Adjacent boundary only",0.1,19,25.3419031451427
"Tag vs SITS",0.840304764129589,0.005,0.79443435662139,"Adjacent boundary only",0.1,19,5.45878227356143
"Masterpiece vs Tag",0.332144754372052,0.005,0.210863065205627,"Adjacent boundary only",0.1,20,36.514708593161
"Masterpiece vs SITS",0.376078278554789,0.005,0.278561292640984,"Adjacent boundary only",0.1,20,25.9299702946281
"Tag vs SITS",0.844502760209335,0.005,0.797701393038427,"Adjacent boundary only",0.1,20,5.54188445272896
"Masterpiece vs Tag",0.388132974710112,0.005,0.282319121897142,"Adjacent boundary only",0.15,1,27.2622682708163
"Masterpiece vs SITS",0.426124880052448,0.005,0.348195470392526,"Adjacent boundary only",0.15,1,18.2879276258946
"Tag vs SITS",0.859961143758146,0.005,0.826840636636987,"Adjacent boundary only",0.15,1,3.85139577079241
"Masterpiece vs Tag",0.386074545090398,0.005,0.286234397206198,"Adjacent boundary only",0.15,2,25.8603290876954
"Masterpiece vs SITS",0.42596946823885,0.005,0.366720066171148,"Adjacent boundary only",0.15,2,13.9093072357196
"Tag vs SITS",0.856840767014466,0.005,0.828352875273877,"Adjacent boundary only",0.15,2,3.32475914280447
"Masterpiece vs Tag",0.364104649924174,0.005,0.249239106569325,"Adjacent boundary only",0.15,3,31.5473980842515
"Masterpiece vs SITS",0.402009637377299,0.005,0.315655186269418,"Adjacent boundary only",0.15,3,21.4806917742708
"Tag vs SITS",0.858757808738489,0.005,0.832711679762916,"Adjacent boundary only",0.15,3,3.03300053991178
"Masterpiece vs Tag",0.373079027510928,0.005,0.265790694922001,"Adjacent boundary only",0.15,4,28.7575351808765
"Masterpiece vs SITS",0.412719814838158,0.005,0.325411815054977,"Adjacent boundary only",0.15,4,21.1543029058145
"Tag vs SITS",0.857841720504958,0.005,0.827860396239267,"Adjacent boundary only",0.15,4,3.49497157215006
"Masterpiece vs Tag",0.375008118539306,0.005,0.264962816396246,"Adjacent boundary only",0.15,5,29.3447786068467
"Masterpiece vs SITS",0.41456119577811,0.005,0.347303151613353,"Adjacent boundary only",0.15,5,16.2239121388382
"Tag vs SITS",0.856370859224381,0.005,0.82244122979646,"Adjacent boundary only",0.15,5,3.96202522101821
"Masterpiece vs Tag",0.386608193337509,0.005,0.283066836247511,"Adjacent boundary only",0.15,6,26.7819872610942
"Masterpiece vs SITS",0.426413474230523,0.005,0.351139735702326,"Adjacent boundary only",0.15,6,17.6527579631555
"Tag vs SITS",0.856623232805057,0.005,0.827477251908173,"Adjacent boundary only",0.15,6,3.40242708587814
"Masterpiece vs Tag",0.397420401342911,0.005,0.30170486050797,"Adjacent boundary only",0.15,7,24.084204160509
"Masterpiece vs SITS",0.437653116757925,0.005,0.366827502913714,"Adjacent boundary only",0.15,7,16.1830479739016
"Tag vs SITS",0.856334076054363,0.005,0.825842144121186,"Adjacent boundary only",0.15,7,3.56075190580667
"Masterpiece vs Tag",0.37324232551857,0.005,0.266801843095012,"Adjacent boundary only",0.15,8,28.5177953158644
"Masterpiece vs SITS",0.4131195866031,0.005,0.33222748613948,"Adjacent boundary only",0.15,8,19.5807952677238
"Tag vs SITS",0.85784614463609,0.005,0.833423467571619,"Adjacent boundary only",0.15,8,2.84697637416447
"Masterpiece vs Tag",0.384484946885279,0.005,0.285962736103526,"Adjacent boundary only",0.15,9,25.6244650355973
"Masterpiece vs SITS",0.423857849855155,0.005,0.347072867685543,"Adjacent boundary only",0.15,9,18.1157390846606
"Tag vs SITS",0.857537709863444,0.005,0.827193753942743,"Adjacent boundary only",0.15,9,3.53849814086108
"Masterpiece vs Tag",0.387742716144316,0.005,0.290444685321807,"Adjacent boundary only",0.15,10,25.0934516036905
"Masterpiece vs SITS",0.428499452748076,0.005,0.369567223071948,"Adjacent boundary only",0.15,10,13.7531633466928
"Tag vs SITS",0.854599307103978,0.005,0.825632469625252,"Adjacent boundary only",0.15,10,3.38952269653575
"Masterpiece vs Tag",0.386651965863642,0.005,0.267957746911288,"Adjacent boundary only",0.15,11,30.6979478785873
"Masterpiece vs SITS",0.427339057497156,0.005,0.338822192154036,"Adjacent boundary only",0.15,11,20.7134975823522
"Tag vs SITS",0.855363424735423,0.005,0.819575064289484,"Adjacent boundary only",0.15,11,4.18399471043657
"Masterpiece vs Tag",0.385867209716485,0.005,0.257074359473797,"Adjacent boundary only",0.15,12,33.3775057842616
"Masterpiece vs SITS",0.427283124796631,0.005,0.328868133458742,"Adjacent boundary only",0.15,12,23.0327353519357
"Tag vs SITS",0.85491913981871,0.005,0.820367228969399,"Adjacent boundary only",0.15,12,4.04154138561434
"Masterpiece vs Tag",0.386139492610137,0.005,0.284051808184468,"Adjacent boundary only",0.15,13,26.4380324673864
"Masterpiece vs SITS",0.42558835046986,0.005,0.354563548508181,"Adjacent boundary only",0.15,13,16.6886151567038
"Tag vs SITS",0.858298168838071,0.005,0.824140648459126,"Adjacent boundary only",0.15,13,3.97967997825108
"Masterpiece vs Tag",0.370128534956514,0.005,0.27057021541299,"Adjacent boundary only",0.15,14,26.8983096791552
"Masterpiece vs SITS",0.409331600437204,0.005,0.340122799374019,"Adjacent boundary only",0.15,14,16.9077591344677
"Tag vs SITS",0.85862933005564,0.005,0.826262263052964,"Adjacent boundary only",0.15,14,3.76962047180227
"Masterpiece vs Tag",0.376568607198685,0.005,0.263705336902323,"Adjacent boundary only",0.15,15,29.9715027059634
"Masterpiece vs SITS",0.414996195636024,0.005,0.326318498656062,"Adjacent boundary only",0.15,15,21.3683156405938
"Tag vs SITS",0.858911824714955,0.005,0.829012813006211,"Adjacent boundary only",0.15,15,3.48103389060535
"Masterpiece vs Tag",0.354039516482734,0.005,0.243693305062746,"Adjacent boundary only",0.15,16,31.1677669533167
"Masterpiece vs SITS",0.392988703974223,0.005,0.304836472497283,"Adjacent boundary only",0.15,16,22.4312379937317
"Tag vs SITS",0.857627034750013,0.005,0.81956022469884,"Adjacent boundary only",0.15,16,4.43862057849759
"Masterpiece vs Tag",0.395128839909896,0.005,0.292611934144809,"Adjacent boundary only",0.15,17,25.9451843070895
"Masterpiece vs SITS",0.434221313169726,0.005,0.358738670403811,"Adjacent boundary only",0.15,17,17.3834495167699
"Tag vs SITS",0.858031829061877,0.005,0.825222559990815,"Adjacent boundary only",0.15,17,3.8237822840365
"Masterpiece vs Tag",0.387085970693753,0.005,0.294698265848393,"Adjacent boundary only",0.15,18,23.8674898704748
"Masterpiece vs SITS",0.428704036071512,0.005,0.363986802199416,"Adjacent boundary only",0.15,18,15.0960169316673
"Tag vs SITS",0.854580980530629,0.005,0.827298705512563,"Adjacent boundary only",0.15,18,3.19247393045489
"Masterpiece vs Tag",0.390288302857535,0.005,0.267535572592303,"Adjacent boundary only",0.15,19,31.4518086672045
"Masterpiece vs SITS",0.430111092459059,0.005,0.345853374758711,"Adjacent boundary only",0.15,19,19.5897569668859
"Tag vs SITS",0.858180492912527,0.005,0.823295721143389,"Adjacent boundary only",0.15,19,4.0649690895146
"Masterpiece vs Tag",0.378714563077186,0.005,0.2659719891926,"Adjacent boundary only",0.15,20,29.7698015541083
"Masterpiece vs SITS",0.417479110715046,0.005,0.325802081713334,"Adjacent boundary only",0.15,20,21.9596685555573
"Tag vs SITS",0.858374835067751,0.005,0.835701397881151,"Adjacent boundary only",0.15,20,2.64143777989599
"Masterpiece vs Tag",0.486078768218832,0.005,0.414845280069708,"Diffuse with cross-pole bleed",0.05,1,14.6547211700172
"Masterpiece vs SITS",0.537715866524462,0.005,0.463017401516893,"Diffuse with cross-pole bleed",0.05,1,13.8918097192081
"Tag vs SITS",0.809196007414104,0.005,0.725421998910099,"Diffuse with cross-pole bleed",0.05,1,10.3527461500603
"Masterpiece vs Tag",0.47204450563024,0.005,0.419085545396178,"Diffuse with cross-pole bleed",0.05,2,11.219060830579
"Masterpiece vs SITS",0.525730999376603,0.005,0.45712621441161,"Diffuse with cross-pole bleed",0.05,2,13.0494083564298
"Tag vs SITS",0.809350449820075,0.005,0.717763671929716,"Diffuse with cross-pole bleed",0.05,2,11.3160841401545
"Masterpiece vs Tag",0.474154941858612,0.005,0.423937417691124,"Diffuse with cross-pole bleed",0.05,3,10.5909523943046
"Masterpiece vs SITS",0.527890739836174,0.005,0.451702693864792,"Diffuse with cross-pole bleed",0.05,3,14.4325407176164
"Tag vs SITS",0.810425504845803,0.005,0.731090918965446,"Diffuse with cross-pole bleed",0.05,3,9.78925088191192
"Masterpiece vs Tag",0.481698579302042,0.005,0.41243487344924,"Diffuse with cross-pole bleed",0.05,4,14.3790554568714
"Masterpiece vs SITS",0.534143743751809,0.005,0.463621600934646,"Diffuse with cross-pole bleed",0.05,4,13.2028398052213
"Tag vs SITS",0.810568767910926,0.005,0.719915138253781,"Diffuse with cross-pole bleed",0.05,4,11.1839529532808
"Masterpiece vs Tag",0.461611879256366,0.005,0.392689252019647,"Diffuse with cross-pole bleed",0.05,5,14.930860823545
"Masterpiece vs SITS",0.514126226914866,0.005,0.438235270302751,"Diffuse with cross-pole bleed",0.05,5,14.7611525417632
"Tag vs SITS",0.809431098300437,0.005,0.714908816916405,"Diffuse with cross-pole bleed",0.05,5,11.6776192047107
"Masterpiece vs Tag",0.476112510293285,0.005,0.400327715114518,"Diffuse with cross-pole bleed",0.05,6,15.9174131198703
"Masterpiece vs SITS",0.528220924959644,0.005,0.450623291102382,"Diffuse with cross-pole bleed",0.05,6,14.690374839503
"Tag vs SITS",0.809256151104306,0.005,0.721548546344613,"Diffuse with cross-pole bleed",0.05,6,10.8380522829525
"Masterpiece vs Tag",0.474701047761825,0.005,0.413158317453198,"Diffuse with cross-pole bleed",0.05,7,12.9645237984612
"Masterpiece vs SITS",0.526953111362912,0.005,0.44635495187563,"Diffuse with cross-pole bleed",0.05,7,15.2951292533074
"Tag vs SITS",0.807789618360137,0.005,0.725961156707411,"Diffuse with cross-pole bleed",0.05,7,10.1299224195086
"Masterpiece vs Tag",0.47627269122161,0.005,0.418759428299558,"Diffuse with cross-pole bleed",0.05,8,12.0757003250668
"Masterpiece vs SITS",0.529599967766169,0.005,0.477890630132705,"Diffuse with cross-pole bleed",0.05,8,9.76384833472929
"Tag vs SITS",0.809113633843811,0.005,0.72116227539861,"Diffuse with cross-pole bleed",0.05,8,10.8700873111451
"Masterpiece vs Tag",0.482288498615426,0.005,0.431471142029862,"Diffuse with cross-pole bleed",0.05,9,10.5367133430411
"Masterpiece vs SITS",0.53408961857738,0.005,0.465617144330421,"Diffuse with cross-pole bleed",0.05,9,12.8204091345838
"Tag vs SITS",0.808823405198025,0.005,0.718877205337596,"Diffuse with cross-pole bleed",0.05,9,11.1206227814843
"Masterpiece vs Tag",0.46657988999322,0.005,0.410689252959721,"Diffuse with cross-pole bleed",0.05,10,11.9787925352528
"Masterpiece vs SITS",0.521076706877093,0.005,0.456103500095572,"Diffuse with cross-pole bleed",0.05,10,12.4690292089466
"Tag vs SITS",0.808788706675246,0.005,0.722469636971112,"Diffuse with cross-pole bleed",0.05,10,10.6726353856959
"Masterpiece vs Tag",0.465476136886682,0.005,0.385359561151111,"Diffuse with cross-pole bleed",0.05,11,17.2117471523735
"Masterpiece vs SITS",0.519295452076246,0.005,0.418825873006807,"Diffuse with cross-pole bleed",0.05,11,19.3472865336565
"Tag vs SITS",0.809530630189903,0.005,0.721932153026451,"Diffuse with cross-pole bleed",0.05,11,10.8208971837054
"Masterpiece vs Tag",0.4803122867396,0.005,0.396324761412502,"Diffuse with cross-pole bleed",0.05,12,17.4860247480263
"Masterpiece vs SITS",0.532891186719106,0.005,0.420647588274692,"Diffuse with cross-pole bleed",0.05,12,21.063136573054
"Tag vs SITS",0.809445486581208,0.005,0.724353856981508,"Diffuse with cross-pole bleed",0.05,12,10.5123360387239
"Masterpiece vs Tag",0.45795266495789,0.005,0.391102164304357,"Diffuse with cross-pole bleed",0.05,13,14.5976878766892
"Masterpiece vs SITS",0.511333928020745,0.005,0.420475603704545,"Diffuse with cross-pole bleed",0.05,13,17.7688823950898
"Tag vs SITS",0.809337992407248,0.005,0.721463534390677,"Diffuse with cross-pole bleed",0.05,13,10.8575723419585
"Masterpiece vs Tag",0.468957305575615,0.005,0.387201807717556,"Diffuse with cross-pole bleed",0.05,14,17.4334628943906
"Masterpiece vs SITS",0.521888525901077,0.005,0.431255143798218,"Diffuse with cross-pole bleed",0.05,14,17.3664255113436
"Tag vs SITS",0.809952187433496,0.005,0.727483487893798,"Diffuse with cross-pole bleed",0.05,14,10.181921947889
"Masterpiece vs Tag",0.482966389741261,0.005,0.410074740193375,"Diffuse with cross-pole bleed",0.05,15,15.0924890626315
"Masterpiece vs SITS",0.536268121894571,0.005,0.464809645987354,"Diffuse with cross-pole bleed",0.05,15,13.3251396064273
"Tag vs SITS",0.808693463132186,0.005,0.723892320333224,"Diffuse with cross-pole bleed",0.05,15,10.4861912040831
"Masterpiece vs Tag",0.454820899010164,0.005,0.388565936705106,"Diffuse with cross-pole bleed",0.05,16,14.5672642680338
"Masterpiece vs SITS",0.508825546214386,0.005,0.439422563958033,"Diffuse with cross-pole bleed",0.05,16,13.6398384029073
"Tag vs SITS",0.80904445213867,0.005,0.722798789827256,"Diffuse with cross-pole bleed",0.05,16,10.660188334946
"Masterpiece vs Tag",0.455651273766272,0.005,0.378247662085719,"Diffuse with cross-pole bleed",0.05,17,16.987467420152
"Masterpiece vs SITS",0.509311403420543,0.005,0.418028468021067,"Diffuse with cross-pole bleed",0.05,17,17.9228139771501
"Tag vs SITS",0.808237376746542,0.005,0.714079893000679,"Diffuse with cross-pole bleed",0.05,17,11.6497314347033
"Masterpiece vs Tag",0.476283894711281,0.005,0.421754340129259,"Diffuse with cross-pole bleed",0.05,18,11.4489604178358
"Masterpiece vs SITS",0.527936720513358,0.005,0.46779885985988,"Diffuse with cross-pole bleed",0.05,18,11.3911115322686
"Tag vs SITS",0.812161022940421,0.005,0.7255042654273,"Diffuse with cross-pole bleed",0.05,18,10.6698985872753
"Masterpiece vs Tag",0.472946382379421,0.005,0.400614975269799,"Diffuse with cross-pole bleed",0.05,19,15.2937858929628
"Masterpiece vs SITS",0.526019792714267,0.005,0.43058328414455,"Diffuse with cross-pole bleed",0.05,19,18.1431402185959
"Tag vs SITS",0.810176791753387,0.005,0.723876947287806,"Diffuse with cross-pole bleed",0.05,19,10.6519768702348
"Masterpiece vs Tag",0.467196393790721,0.005,0.411578960369057,"Diffuse with cross-pole bleed",0.05,20,11.9045082883447
"Masterpiece vs SITS",0.521107583724964,0.005,0.450315213186783,"Diffuse with cross-pole bleed",0.05,20,13.584981825086
"Tag vs SITS",0.807373044225521,0.005,0.718794808544224,"Diffuse with cross-pole bleed",0.05,20,10.9711658464231
"Masterpiece vs Tag",0.584502149594255,0.005,0.554850965483006,"Diffuse with cross-pole bleed",0.1,1,5.07289564834476
"Masterpiece vs SITS",0.621583259932124,0.005,0.577431199631706,"Diffuse with cross-pole bleed",0.1,1,7.10316109626878
"Tag vs SITS",0.819196007744342,0.005,0.754463171590491,"Diffuse with cross-pole bleed",0.1,1,7.90199604757509
"Masterpiece vs Tag",0.593220146726158,0.01,0.566838535858858,"Diffuse with cross-pole bleed",0.1,2,4.44718727320607
"Masterpiece vs SITS",0.629507912153914,0.005,0.581942189865571,"Diffuse with cross-pole bleed",0.1,2,7.55601659168882
"Tag vs SITS",0.817609316181082,0.005,0.74768021263016,"Diffuse with cross-pole bleed",0.1,2,8.55287509168187
"Masterpiece vs Tag",0.598696457376923,0.005,0.556670391031313,"Diffuse with cross-pole bleed",0.1,3,7.01959495964615
"Masterpiece vs SITS",0.63379446536708,0.005,0.570429158661479,"Diffuse with cross-pole bleed",0.1,3,9.99776901947249
"Tag vs SITS",0.816569160048183,0.005,0.746343486373192,"Diffuse with cross-pole bleed",0.1,3,8.60008889765656
"Masterpiece vs Tag",0.578628666322681,0.005,0.53279013334121,"Diffuse with cross-pole bleed",0.1,4,7.92192569247996
"Masterpiece vs SITS",0.615830168833742,0.005,0.56347367737044,"Diffuse with cross-pole bleed",0.1,4,8.50177437108259
"Tag vs SITS",0.818923137915084,0.005,0.746900088454531,"Diffuse with cross-pole bleed",0.1,4,8.79484851825263
"Masterpiece vs Tag",0.588755939075447,0.005,0.544479974356715,"Diffuse with cross-pole bleed",0.1,5,7.52025784882288
"Masterpiece vs SITS",0.625453998045951,0.005,0.56355380748726,"Diffuse with cross-pole bleed",0.1,5,9.89684145470023
"Tag vs SITS",0.819138398601214,0.005,0.753584662364337,"Diffuse with cross-pole bleed",0.1,5,8.00276685219723
"Masterpiece vs Tag",0.580320621723116,0.005,0.533249041085466,"Diffuse with cross-pole bleed",0.1,6,8.11130586707108
"Masterpiece vs SITS",0.617591563060596,0.005,0.556439361070429,"Diffuse with cross-pole bleed",0.1,6,9.90172237572604
"Tag vs SITS",0.818066163454,0.005,0.751922677669287,"Diffuse with cross-pole bleed",0.1,6,8.08534672861239
"Masterpiece vs Tag",0.594735501541849,0.005,0.543027401292879,"Diffuse with cross-pole bleed",0.1,7,8.69430194009222
"Masterpiece vs SITS",0.631128042040416,0.005,0.570800323421651,"Diffuse with cross-pole bleed",0.1,7,9.55871306616763
"Tag vs SITS",0.818321129914219,0.005,0.75396812178002,"Diffuse with cross-pole bleed",0.1,7,7.86402865351222
"Masterpiece vs Tag",0.59362435449387,0.005,0.545707371325789,"Diffuse with cross-pole bleed",0.1,8,8.07193687478262
"Masterpiece vs SITS",0.629698239780008,0.005,0.572416674229299,"Diffuse with cross-pole bleed",0.1,8,9.09666915548649
"Tag vs SITS",0.817678873875272,0.005,0.747316634073662,"Diffuse with cross-pole bleed",0.1,8,8.6051189592485
"Masterpiece vs Tag",0.591752532286306,0.005,0.551793274382371,"Diffuse with cross-pole bleed",0.1,9,6.75269740706425
"Masterpiece vs SITS",0.627430643207838,0.005,0.564717948972552,"Diffuse with cross-pole bleed",0.1,9,9.99515961073518
"Tag vs SITS",0.816996102941232,0.005,0.743921728504839,"Diffuse with cross-pole bleed",0.1,9,8.94427454100718
"Masterpiece vs Tag",0.598066640939588,0.005,0.565599880782052,"Diffuse with cross-pole bleed",0.1,10,5.42861914293179
"Masterpiece vs SITS",0.634180906652674,0.005,0.584249055178345,"Diffuse with cross-pole bleed",0.1,10,7.87343973155524
"Tag vs SITS",0.817317728638343,0.005,0.753257899535277,"Diffuse with cross-pole bleed",0.1,10,7.83781225568049
"Masterpiece vs Tag",0.598144780790687,0.005,0.564384643644311,"Diffuse with cross-pole bleed",0.1,11,5.64414139027476
"Masterpiece vs SITS",0.632166149095684,0.005,0.577667345918122,"Diffuse with cross-pole bleed",0.1,11,8.62096195051299
"Tag vs SITS",0.819620850173181,0.005,0.747878340970121,"Diffuse with cross-pole bleed",0.1,11,8.75313374323031
"Masterpiece vs Tag",0.594956486978839,0.005,0.557768024849769,"Diffuse with cross-pole bleed",0.1,12,6.25061881716951
"Masterpiece vs SITS",0.630239476188798,0.005,0.59662243432457,"Diffuse with cross-pole bleed",0.1,12,5.33401082196843
"Tag vs SITS",0.817947894343733,0.005,0.755345301024804,"Diffuse with cross-pole bleed",0.1,12,7.65361629412319
"Masterpiece vs Tag",0.586023104760069,0.005,0.554519290149477,"Diffuse with cross-pole bleed",0.1,13,5.37586561940942
"Masterpiece vs SITS",0.622976022652292,0.005,0.569425546430934,"Diffuse with cross-pole bleed",0.1,13,8.59591288816702
"Tag vs SITS",0.818410070774535,0.005,0.753621814795132,"Diffuse with cross-pole bleed",0.1,13,7.91635615115139
"Masterpiece vs Tag",0.602993136704866,0.005,0.574927658637089,"Diffuse with cross-pole bleed",0.1,14,4.65436111282197
"Masterpiece vs SITS",0.63776896047252,0.005,0.594433073215442,"Diffuse with cross-pole bleed",0.1,14,6.79491946816777
"Tag vs SITS",0.816796093878183,0.005,0.754660086284109,"Diffuse with cross-pole bleed",0.1,14,7.60728510576614
"Masterpiece vs Tag",0.584613741883978,0.005,0.550315975493976,"Diffuse with cross-pole bleed",0.1,15,5.86673968344863
"Masterpiece vs SITS",0.622715343449879,0.005,0.556437163142155,"Diffuse with cross-pole bleed",0.1,15,10.6434153269034
"Tag vs SITS",0.816483282708133,0.005,0.753446225424462,"Diffuse with cross-pole bleed",0.1,15,7.72055700572193
"Masterpiece vs Tag",0.589283408542925,0.005,0.558480473438326,"Diffuse with cross-pole bleed",0.1,16,5.2271851978257
"Masterpiece vs SITS",0.625527970292853,0.005,0.577092696918541,"Diffuse with cross-pole bleed",0.1,16,7.74310273474038
"Tag vs SITS",0.818001160608935,0.005,0.754517704167611,"Diffuse with cross-pole bleed",0.1,16,7.76080273456648
"Masterpiece vs Tag",0.587483682377114,0.005,0.536481942741529,"Diffuse with cross-pole bleed",0.1,17,8.68138829477249
"Masterpiece vs SITS",0.625367888797733,0.005,0.561863407793108,"Diffuse with cross-pole bleed",0.1,17,10.1547396567982
"Tag vs SITS",0.819355650710186,0.005,0.749817987902782,"Diffuse with cross-pole bleed",0.1,17,8.48687169571983
"Masterpiece vs Tag",0.588039890171427,0.005,0.543503814144166,"Diffuse with cross-pole bleed",0.1,18,7.57364879009788
"Masterpiece vs SITS",0.625358026094334,0.005,0.564832279980507,"Diffuse with cross-pole bleed",0.1,18,9.67857508631339
"Tag vs SITS",0.816670295800609,0.005,0.745248034272238,"Diffuse with cross-pole bleed",0.1,18,8.74554418051324
"Masterpiece vs Tag",0.609288925045863,0.005,0.577911650035362,"Diffuse with cross-pole bleed",0.1,19,5.14981870188093
"Masterpiece vs SITS",0.643620608018695,0.005,0.59375199682738,"Diffuse with cross-pole bleed",0.1,19,7.74813773362987
"Tag vs SITS",0.820363546713712,0.005,0.759451581099083,"Diffuse with cross-pole bleed",0.1,19,7.42499661992977
"Masterpiece vs Tag",0.579267870772534,0.005,0.54234287081077,"Diffuse with cross-pole bleed",0.1,20,6.37442568884735
"Masterpiece vs SITS",0.618474287502772,0.005,0.579651062425135,"Diffuse with cross-pole bleed",0.1,20,6.2772577392659
"Tag vs SITS",0.818079343020994,0.005,0.748568982789025,"Diffuse with cross-pole bleed",0.1,20,8.49677489414194
"Masterpiece vs Tag",0.65632993879951,0.005,0.634145340439286,"Diffuse with cross-pole bleed",0.15,1,3.38009849143882
"Masterpiece vs SITS",0.678939420335938,0.005,0.634485705584444,"Diffuse with cross-pole bleed",0.15,1,6.54752300720707
"Tag vs SITS",0.828501507512627,0.005,0.779546424770955,"Diffuse with cross-pole bleed",0.15,1,5.90887068976471
"Masterpiece vs Tag",0.662397894011062,0.165,0.653953631642881,"Diffuse with cross-pole bleed",0.15,2,1.2748021158474
"Masterpiece vs SITS",0.684978367112673,0.005,0.650592426531304,"Diffuse with cross-pole bleed",0.15,2,5.02000387637247
"Tag vs SITS",0.828286343286686,0.005,0.775693043522847,"Diffuse with cross-pole bleed",0.15,2,6.34965192775555
"Masterpiece vs Tag",0.662515815901277,0.005,0.637373966626308,"Diffuse with cross-pole bleed",0.15,3,3.79490552097494
"Masterpiece vs SITS",0.684433537528189,0.01,0.656287517506845,"Diffuse with cross-pole bleed",0.15,3,4.11230871634255
"Tag vs SITS",0.824200595414599,0.005,0.775434934625918,"Diffuse with cross-pole bleed",0.15,3,5.91672234404907
"Masterpiece vs Tag",0.654703720124353,0.1,0.643344640447457,"Diffuse with cross-pole bleed",0.15,4,1.73499543804931
"Masterpiece vs SITS",0.677972654260274,0.005,0.623893732845046,"Diffuse with cross-pole bleed",0.15,4,7.97656381498643
"Tag vs SITS",0.830698050167433,0.005,0.784813488745002,"Diffuse with cross-pole bleed",0.15,4,5.52361491798164
"Masterpiece vs Tag",0.653764694709956,0.005,0.626504008250993,"Diffuse with cross-pole bleed",0.15,5,4.16980095125162
"Masterpiece vs SITS",0.67746063393548,0.005,0.636595848476083,"Diffuse with cross-pole bleed",0.15,5,6.03205314263159
"Tag vs SITS",0.82714397557375,0.005,0.78053937580995,"Diffuse with cross-pole bleed",0.15,5,5.63439995213322
"Masterpiece vs Tag",0.659827335832425,0.925,0.672548144390767,"Diffuse with cross-pole bleed",0.15,6,-1.92789959850535
"Masterpiece vs SITS",0.683011153868353,0.185,0.67526248025626,"Diffuse with cross-pole bleed",0.15,6,1.13448712633862
"Tag vs SITS",0.830177494450324,0.005,0.768993811647837,"Diffuse with cross-pole bleed",0.15,6,7.36995199357919
"Masterpiece vs Tag",0.666288094774781,0.015,0.648690066134042,"Diffuse with cross-pole bleed",0.15,7,2.64120412457431
"Masterpiece vs SITS",0.687985906588147,0.005,0.640687841578663,"Diffuse with cross-pole bleed",0.15,7,6.87485958019746
"Tag vs SITS",0.827769425690262,0.005,0.776478957554306,"Diffuse with cross-pole bleed",0.15,7,6.19622645438809
"Masterpiece vs Tag",0.663264206920175,0.005,0.634584148098477,"Diffuse with cross-pole bleed",0.15,8,4.32407757307933
"Masterpiece vs SITS",0.685916764629188,0.005,0.637838142356785,"Diffuse with cross-pole bleed",0.15,8,7.0093960013348
"Tag vs SITS",0.826293379883392,0.005,0.776703870066244,"Diffuse with cross-pole bleed",0.15,8,6.00144101652446
"Masterpiece vs Tag",0.665608382757359,0.035,0.650199660596038,"Diffuse with cross-pole bleed",0.15,9,2.31498318838614
"Masterpiece vs SITS",0.686348132033368,0.005,0.657482678144623,"Diffuse with cross-pole bleed",0.15,9,4.20565782021271
"Tag vs SITS",0.829515241225977,0.005,0.76926176853621,"Diffuse with cross-pole bleed",0.15,9,7.26369687924187
"Masterpiece vs Tag",0.662269280207687,0.02,0.646594883798582,"Diffuse with cross-pole bleed",0.15,10,2.36677087063272
"Masterpiece vs SITS",0.684595573730491,0.005,0.65063269516226,"Diffuse with cross-pole bleed",0.15,10,4.96101346129964
"Tag vs SITS",0.828003434635599,0.005,0.774100419453902,"Diffuse with cross-pole bleed",0.15,10,6.50999898393163
"Masterpiece vs Tag",0.664583520067737,0.005,0.636857699408008,"Diffuse with cross-pole bleed",0.15,11,4.17190914648367
"Masterpiece vs SITS",0.686524772736671,0.005,0.644891833514929,"Diffuse with cross-pole bleed",0.15,11,6.06430253868073
"Tag vs SITS",0.825154761766897,0.005,0.776761519429917,"Diffuse with cross-pole bleed",0.15,11,5.86474738791497
"Masterpiece vs Tag",0.65736946051784,0.025,0.637300915737883,"Diffuse with cross-pole bleed",0.15,12,3.05285626809427
"Masterpiece vs SITS",0.681165676465725,0.005,0.64912360617679,"Diffuse with cross-pole bleed",0.15,12,4.7040054124846
"Tag vs SITS",0.829286030550572,0.005,0.770469087540937,"Diffuse with cross-pole bleed",0.15,12,7.09247965633597
"Masterpiece vs Tag",0.663517553367738,0.01,0.637548295929499,"Diffuse with cross-pole bleed",0.15,13,3.91387647642931
"Masterpiece vs SITS",0.685211480272587,0.005,0.652764323543118,"Diffuse with cross-pole bleed",0.15,13,4.73534925546808
"Tag vs SITS",0.824601113880204,0.005,0.770817276066247,"Diffuse with cross-pole bleed",0.15,13,6.52240664105759
"Masterpiece vs Tag",0.663551839207523,0.015,0.644032127028596,"Diffuse with cross-pole bleed",0.15,14,2.94170116418321
"Masterpiece vs SITS",0.685474196202828,0.005,0.654599406388537,"Diffuse with cross-pole bleed",0.15,14,4.50415055523919
"Tag vs SITS",0.827180613576266,0.005,0.763192676323218,"Diffuse with cross-pole bleed",0.15,14,7.73566693933987
"Masterpiece vs Tag",0.660293231046349,0.1,0.650530853067732,"Diffuse with cross-pole bleed",0.15,15,1.47849130047068
"Masterpiece vs SITS",0.683294550177424,0.065,0.668220973882884,"Diffuse with cross-pole bleed",0.15,15,2.20601441803192
"Tag vs SITS",0.824828377001835,0.005,0.770799027773069,"Diffuse with cross-pole bleed",0.15,15,6.55037468826628
"Masterpiece vs Tag",0.66293440127246,0.01,0.637922859181264,"Diffuse with cross-pole bleed",0.15,16,3.77285324810233
"Masterpiece vs SITS",0.683691620152613,0.005,0.645953339680748,"Diffuse with cross-pole bleed",0.15,16,5.51978104740284
"Tag vs SITS",0.826133877129719,0.005,0.771491201680762,"Diffuse with cross-pole bleed",0.15,16,6.61426397847345
"Masterpiece vs Tag",0.657180961862045,0.01,0.634652394833089,"Diffuse with cross-pole bleed",0.15,17,3.42806142240084
"Masterpiece vs SITS",0.680682068294269,0.005,0.641907961584077,"Diffuse with cross-pole bleed",0.15,17,5.69636082927185
"Tag vs SITS",0.822318083197362,0.005,0.757635668729679,"Diffuse with cross-pole bleed",0.15,17,7.86586307529361
"Masterpiece vs Tag",0.668094278856847,0.005,0.640929139202234,"Diffuse with cross-pole bleed",0.15,18,4.06606380481133
"Masterpiece vs SITS",0.688852999806607,0.005,0.641162119175365,"Diffuse with cross-pole bleed",0.15,18,6.92323044896821
"Tag vs SITS",0.828172799033142,0.005,0.774862411845991,"Diffuse with cross-pole bleed",0.15,18,6.43710916965493
"Masterpiece vs Tag",0.663309791345285,0.005,0.640202418802622,"Diffuse with cross-pole bleed",0.15,19,3.4836471350434
"Masterpiece vs SITS",0.684884949117882,0.005,0.649945553185354,"Diffuse with cross-pole bleed",0.15,19,5.10149857688209
"Tag vs SITS",0.827817879279293,0.005,0.779353655197099,"Diffuse with cross-pole bleed",0.15,19,5.85445486202684
"Masterpiece vs Tag",0.650257762127534,0.005,0.611634886340169,"Diffuse with cross-pole bleed",0.15,20,5.93962548959004
"Masterpiece vs SITS",0.674923552098516,0.005,0.62327323739693,"Diffuse with cross-pole bleed",0.15,20,7.65276519703468
"Tag vs SITS",0.829048344705099,0.005,0.774979506275995,"Diffuse with cross-pole bleed",0.15,20,6.52179559544712
