"street_segment","block_id"
"114867",10
"11490",10
"11494",15
"115030",9
"140398",17
"140403",17
"140405",12
"140406",16
"140413",16
"140417",16
"140418",16
"140419",16
"140420",16
"140424",11
"140427",12
"140435",17
"140436",17
"140439",12
"140440",12
"140441",12
"140443",17
"140449",17
"140450",12
"140451",12
"140452",12
"140454",17
"140455",17
"140460",17
"140466",16
"140469",17
"140470",11
"140471",11
"140472",11
"140473",11
"140477",16
"140478",17
"140480",12
"140482",17
"140484",17
"140485",11
"140487",12
"140489",11
"140490",11
"140491",16
"140495",11
"140497",11
"140498",11
"140499",11
"140501",16
"140505",15
"140507",18
"140509",18
"140510",18
"140518",17
"140519",17
"140522",18
"140523",17
"140524",17
"140527",17
"140528",17
"140531",17
"140533",17
"140534",17
"140535",17
"140536",17
"140537",17
"140538",17
"140539",17
"140540",17
"140541",12
"140543",12
"140546",12
"140547",12
"140549",12
"140550",12
"140551",12
"140553",12
"140555",12
"140556",12
"140557",12
"140558",12
"140560",12
"140563",12
"140566",12
"140568",17
"140569",17
"140571",17
"140573",17
"140575",17
"140576",17
"140577",17
"140578",17
"140580",17
"140581",17
"140582",17
"140584",17
"140585",17
"140587",17
"140591",17
"140592",17
"140593",17
"140594",17
"140595",17
"140596",17
"140600",17
"140601",17
"140602",17
"140604",17
"140605",17
"140606",12
"140608",17
"140610",16
"140611",16
"140612",16
"140613",16
"140615",17
"140617",17
"140619",16
"140623",16
"140624",16
"140628",16
"140638",16
"140656",16
"140658",16
"140660",16
"140661",16
"140663",16
"140664",16
"140665",16
"140666",16
"140667",16
"140668",16
"140669",16
"140672",16
"140673",16
"140676",16
"140678",16
"140679",16
"140681",16
"140682",16
"140684",16
"140686",16
"140687",16
"140688",16
"140691",15
"140700",11
"140702",10
"140706",11
"140710",11
"140714",11
"140715",11
"140716",11
"140724",12
"140725",12
"140731",16
"140732",16
"140733",16
"140734",16
"140735",16
"140736",16
"140737",16
"140738",16
"140739",16
"140741",16
"140745",16
"140746",16
"140747",16
"140749",16
"140752",16
"140753",16
"140754",16
"140755",11
"140759",11
"140764",16
"140770",11
"140772",11
"140773",11
"140774",16
"140775",11
"140778",11
"140780",12
"140783",11
"140785",17
"140788",16
"140790",11
"140791",12
"140793",17
"140794",17
"140795",17
"140796",17
"140797",12
"140803",11
"140805",11
"140806",11
"140808",17
"140809",12
"140810",17
"140811",16
"140812",16
"140815",16
"140816",16
"140818",16
"140819",11
"140822",15
"140825",16
"140827",12
"140829",17
"140830",17
"140832",17
"140833",17
"140835",11
"140836",10
"140837",10
"140838",11
"140841",12
"140842",7
"140843",7
"140844",7
"140846",7
"140847",11
"140848",11
"140849",6
"140850",11
"140851",6
"140852",11
"140853",6
"140854",10
"140861",11
"140863",10
"140864",6
"140867",10
"140869",11
"140870",11
"140873",11
"140875",7
"140876",7
"140878",7
"140879",7
"140880",12
"140881",12
"140885",7
"140887",6
"140888",6
"140889",11
"140892",11
"140893",7
"140895",11
"140898",10
"140899",11
"140900",10
"140901",11
"140903",12
"140904",12
"140905",7
"140906",11
"140907",11
"140909",12
"140910",11
"140911",12
"140912",12
"140913",6
"140915",11
"140916",11
"140917",11
"140918",11
"140919",11
"140920",11
"140923",11
"140924",6
"140925",6
"140927",11
"140929",11
"140931",11
"140932",11
"140933",5
"140934",5
"140935",5
"140937",5
"140939",10
"140941",10
"140942",10
"140943",10
"140944",10
"140946",10
"140948",12
"140949",10
"140950",11
"140951",10
"140955",11
"140957",11
"140959",11
"140960",6
"140962",10
"140963",6
"140964",11
"140965",7
"140966",7
"140968",11
"140969",11
"140970",6
"140971",12
"140972",12
"140974",10
"140975",10
"140979",11
"140980",6
"140981",10
"140983",10
"140984",5
"140985",11
"140988",11
"140989",6
"140990",6
"140991",7
"140992",7
"140993",11
"140994",11
"140995",11
"140997",7
"141000",11
"141003",7
"141005",10
"141006",11
"141010",11
"141011",11
"141014",6
"141015",11
"141016",10
"141017",7
"141019",11
"141020",5
"141023",12
"141024",6
"141026",10
"141027",11
"141030",10
"141036",11
"141040",12
"141041",6
"141042",11
"141043",5
"141046",11
"141048",10
"141049",10
"141051",11
"141052",10
"141053",12
"141054",12
"141058",10
"141059",11
"141060",11
"141061",11
"141062",10
"141063",12
"141064",10
"141065",6
"141066",11
"141068",11
"141069",12
"141070",11
"141072",11
"141073",10
"141074",10
"141077",7
"141079",11
"141080",11
"141081",11
"141083",10
"141084",11
"141085",10
"141086",11
"141089",6
"141090",10
"141092",11
"141094",11
"141095",6
"141097",11
"141098",10
"141099",12
"141100",12
"141104",6
"141105",6
"141106",11
"141107",11
"141108",5
"141109",12
"141110",10
"141111",12
"141113",11
"141115",6
"141119",11
"141124",12
"141125",10
"141126",11
"141130",10
"141131",12
"141132",12
"141142",10
"141144",11
"141146",10
"141149",12
"141152",11
"141155",11
"141157",10
"141162",7
"141164",18
"141166",12
"141167",12
"141169",12
"141170",12
"141172",12
"141173",12
"141174",18
"141175",18
"141176",18
"141177",18
"141178",13
"141184",12
"141187",8
"141191",8
"141193",8
"141196",4
"141198",8
"141199",8
"141200",8
"141201",7
"141202",7
"141203",7
"141206",7
"141207",7
"141208",3
"141209",4
"141212",4
"141213",4
"141216",4
"141217",4
"141222",12
"141225",8
"141226",8
"141230",18
"141232",7
"141233",7
"141237",3
"141238",3
"141243",18
"141244",6
"141245",4
"141247",7
"141249",12
"141251",8
"141254",4
"141256",8
"141261",12
"141262",3
"141264",12
"141266",8
"141273",4
"141274",7
"141275",8
"141277",13
"141281",12
"141282",12
"141283",12
"141285",8
"141289",8
"141293",18
"141299",12
"141300",18
"141303",18
"141306",8
"141307",12
"141318",7
"141320",8
"141327",18
"141328",8
"141329",18
"141331",13
"141334",8
"141337",7
"141344",12
"141348",13
"141361",3
"141363",13
"141364",3
"141366",7
"141367",8
"141369",4
"141370",4
"141375",4
"141377",12
"141378",18
"141380",12
"141383",18
"141384",12
"141387",3
"141388",8
"141389",3
"141394",12
"141397",4
"141398",12
"141399",7
"141400",12
"141401",18
"141402",18
"141403",18
"141404",18
"141407",8
"141408",13
"141413",18
"141414",3
"141419",7
"141420",8
"141422",12
"141423",12
"141424",8
"141426",8
"141429",4
"141431",4
"141433",8
"141436",7
"141439",8
"141441",12
"141442",12
"141445",8
"141446",18
"141448",7
"141449",4
"141454",8
"141455",7
"141457",7
"141458",8
"141459",4
"141463",7
"141464",18
"141466",7
"141468",7
"141469",13
"141472",18
"141474",7
"141476",4
"141477",7
"141480",7
"141481",3
"141483",8
"141484",4
"141485",3
"141486",7
"141487",4
"141488",12
"141490",8
"141491",18
"141494",4
"141498",8
"141499",7
"141504",4
"141507",3
"141508",7
"141511",7
"141512",13
"141513",18
"141516",7
"141519",8
"141520",8
"141522",8
"141525",7
"141526",7
"141528",17
"141533",13
"141535",8
"141536",12
"141539",8
"141542",7
"141549",7
"141552",7
"141558",7
"141561",4
"141562",12
"141563",12
"141566",7
"141567",8
"141570",8
"141571",7
"141573",7
"141577",4
"141580",7
"141581",13
"141589",4
"141591",7
"141598",7
"141601",7
"141603",7
"141604",7
"141605",7
"141606",7
"141607",8
"141611",3
"141612",7
"141613",6
"141618",6
"141619",6
"141621",7
"141622",2
"141625",3
"141627",3
"141629",2
"141631",2
"141635",3
"141638",7
"141639",2
"141643",3
"141650",3
"141651",3
"141652",3
"141653",3
"141654",3
"141655",2
"141656",3
"141657",2
"141660",3
"141663",3
"141665",2
"141666",2
"141670",2
"141674",3
"141675",3
"141676",6
"141679",6
"141680",6
"141682",6
"141684",6
"141688",6
"141689",6
"141690",6
"141691",6
"141692",6
"141693",6
"141696",6
"141697",6
"141700",6
"141701",6
"141709",5
"141713",2
"141714",2
"141718",6
"141719",6
"141720",6
"141721",2
"141725",2
"141726",2
"141727",2
"141729",2
"141732",2
"141733",2
"141736",2
"141750",2
"141755",3
"141759",3
"141763",3
"141765",3
"141766",3
"141769",3
"141773",3
"141774",3
"141775",3
"141776",3
"141777",3
"141778",3
"141779",3
"141780",3
"141784",2
"141785",2
"141786",2
"141789",3
"141790",3
"141791",3
"141792",3
"141795",3
"141799",3
"141800",3
"141802",3
"141804",3
"141805",3
"141811",3
"141816",3
"141818",3
"141820",3
"141821",3
"141825",4
"141835",3
"141837",3
"141839",3
"141867",3
"141979",5
"141981",5
"141983",5
"141985",10
"141991",10
"142005",5
"142017",10
"142019",10
"142024",5
"142025",5
"142027",5
"142028",5
"142029",5
"142034",5
"142037",5
"142117",5
"142120",5
"142154",9
"142168",5
"142171",5
"142172",5
"143709",18
"143765",18
"143798",18
"143802",18
"143805",22
"144035",18
"144060",18
"144096",18
"144106",18
"144129",18
"144136",18
"144139",18
"144143",17
"144146",17
"144148",18
"144151",17
"144873",4
"144899",8
"145187",15
"145188",15
"145189",14
"145191",14
"145192",14
"145197",15
"145198",16
"145200",14
"145203",15
"145205",17
"145206",17
"145207",14
"145208",14
"145211",16
"145212",15
"145213",16
"145216",14
"145219",14
"145226",15
"145229",14
"145233",14
"145234",16
"145235",15
"145236",15
"145237",16
"145238",14
"145240",15
"145247",14
"145252",15
"145253",16
"145255",14
"145256",14
"145257",15
"145258",16
"145261",16
"145264",15
"145268",15
"145270",14
"145272",16
"145276",14
"145277",20
"145279",15
"145281",20
"145286",19
"145289",19
"145290",19
"145298",19
"145299",19
"145304",15
"145305",14
"145306",15
"145307",15
"145312",14
"145314",15
"145316",14
"145317",15
"145319",16
"145320",14
"145322",14
"145323",14
"145327",14
"145329",14
"145331",14
"145334",15
"145337",16
"145338",14
"145339",14
"145341",15
"145345",14
"145346",14
"145347",17
"145348",15
"145349",14
"145350",15
"145352",17
"145353",14
"145355",15
"145358",15
"145359",15
"145360",17
"145361",14
"145365",16
"145367",15
"145368",14
"145369",14
"145370",15
"145371",14
"145372",15
"145373",16
"145375",14
"145382",15
"145383",14
"145384",15
"145385",14
"145387",14
"145390",14
"145392",16
"145397",15
"145398",15
"145399",16
"145402",15
"145404",16
"145407",15
"145408",14
"145410",17
"145411",16
"145412",14
"145414",15
"145415",16
"145416",15
"145418",15
"145419",14
"145420",15
"145421",16
"145424",16
"145425",15
"145426",14
"145429",16
"145430",15
"145436",14
"145438",14
"145440",15
"145447",16
"145456",14
"145459",14
"145461",15
"145464",15
"145469",15
"145471",14
"145476",15
"145478",15
"145480",16
"145483",15
"145484",14
"145491",15
"145494",15
"145499",19
"145500",20
"145501",20
"145502",19
"145503",19
"145504",20
"145505",20
"145508",20
"145510",19
"145512",19
"145521",19
"145522",19
"145529",19
"145536",19
"145540",19
"145542",15
"145552",14
"145553",15
"145555",15
"145556",17
"145557",17
"145559",16
"145560",16
"145561",17
"145562",17
"145563",16
"145564",22
"145566",21
"145567",21
"145568",21
"145570",21
"145571",21
"145572",21
"145573",22
"145575",22
"145576",22
"145577",21
"145579",21
"145581",22
"145583",21
"145584",22
"145585",22
"145586",21
"145587",21
"145588",20
"145589",21
"145590",21
"145591",22
"145595",21
"145597",21
"145601",20
"145602",21
"145603",21
"145608",20
"145609",21
"145612",19
"145613",21
"145615",21
"145618",20
"145619",20
"145621",20
"145622",19
"145632",20
"145634",20
"145637",20
"145643",20
"145644",20
"145653",20
"145703",20
"145706",19
"145708",17
"145712",17
"145713",17
"145714",16
"145717",16
"145719",17
"145720",16
"145721",21
"145722",17
"145723",21
"145725",22
"145726",21
"145728",22
"145730",21
"145733",21
"145734",21
"145736",21
"145739",21
"145743",21
"145744",21
"145745",21
"145747",21
"145748",22
"145750",22
"145751",22
"145752",22
"145754",22
"145757",22
"145758",21
"145761",22
"145765",21
"145766",21
"145767",22
"145768",22
"145770",21
"145771",21
"145772",21
"145773",21
"145774",22
"145779",21
"145781",21
"145783",21
"145784",21
"145785",21
"145786",22
"145787",21
"145788",21
"145790",20
"145796",21
"145797",21
"145813",19
"145815",19
"145816",21
"145817",21
"145819",20
"145821",20
"145831",20
"145832",20
"145847",20
"145848",20
"145849",20
"145850",20
"145852",20
"145855",20
"145858",20
"145860",20
"145861",20
"145862",20
"145866",20
"145877",20
"145984",20
"145986",17
"145987",21
"146509",19
"146510",16
"146516",12
"146518",12
"146520",6
"21591",16
"21593",11
"21594",11
"21597",17
"21598",17
"21681",12
"21697",12
"21698",7
"21699",4
"21700",8
"21701",7
"21738",12
"21739",2
"21740",6
"21741",6
"21777",10
"22505",18
"23161",4
"23166",19
"23168",19
"23194",16
"23195",16
"23197",20
"23198",20
"23202",20
"265579",14
"265580",15
"265581",15
"265582",15
"265648",10
"265649",14
"265668",14
"265669",14
"267115",9
"267116",9
"267121",10
"267122",10
"33847",15
"33851",10
"33856",10
"33861",10
"33863",9
"33869",14
"33874",15
"33875",15
"33876",9
"33877",10
"33878",14
"33883",10
"33885",9
"33888",14
"33889",10
"33897",15
"33901",10
"33903",14
"33904",9
"33905",14
"33906",14
"33908",14
"33909",15
"33914",10
"33915",14
"33919",10
"33923",10
"33927",10
"33929",9
"34669",10
"34671",14
"34673",14
"34676",14
"34678",9
"34683",9
"34684",9
"34686",14
"34692",9
"34820",14
"34821",14
"358487",2
"358488",2
"358489",2
"358492",3
"358493",3
"358497",4
"358498",4
"358499",4
"358550",6
"358603",11
"358604",6
"358606",11
"358608",11
"358609",7
"358610",7
"358611",13
"358612",8
"358613",8
"358614",8
"358615",8
"358659",9
"358663",10
"358664",10
"358666",10
"358668",10
"358669",10
"358671",10
"358676",10
"358677",10
"358684",11
"358686",11
"358687",11
"358688",11
"358691",11
"358692",11
"358693",11
"358698",12
"358702",12
"358703",12
"358705",12
"358706",12
"358707",13
"358710",13
"358715",13
"358725",14
"358726",14
"358729",14
"358730",14
"358731",14
"358732",14
"358737",16
"358740",16
"358742",16
"358744",16
"358746",16
"358747",16
"358748",11
"358749",17
"358751",17
"358752",17
"358761",18
"358762",18
"358788",19
"358789",19
"358791",15
"358792",20
"358795",16
"358800",16
"358801",16
"358804",21
"358805",16
"358808",16
"358809",16
"358810",16
"358811",17
"358812",17
"358814",17
"358815",17
"358819",18
"358845",19
"358846",19
"358849",20
"358866",20
"358867",20
"358868",20
"359104",2
"359106",3
"359111",10
"359115",11
"359117",11
"359118",12
"359119",12
"359129",20
"359245",4
"359246",4
"359247",4
"359267",11
"359268",11
"359271",12
"359272",13
"359275",13
"359299",16
"359301",18
"359303",18
"359311",21
"359494",21
"3759",15
"3762",10
"3763",10
"3766",15
"3772",15
"3773",10
"3777",15
"3784",15
"3785",15
"3786",15
"3789",15
"3790",10
"3791",10
"3795",10
"3802",10
"3811",10
"3820",14
"3842",14
"3858",14
"3868",10
"3869",10
"3872",15
"3873",15
"3874",15
"3912",14
"3914",10
"3917",9
"3918",9
"3925",15
"3927",10
"3929",14
"3930",14
"3938",14
"3940",14
"3944",15
"3947",10
"3949",14
"3956",15
"3960",9
"3962",9
"3964",10
"3966",10
"3972",10
"3974",10
"3979",10
"3983",10
"3984",15
"3985",15
"3986",15
"3988",10
"3990",10
"3991",15
"3995",10
"3996",10
"3997",15
"4000",10
"4001",10
"4007",9
"4011",10
"4013",14
"4024",9
"4026",9
"455468",14
"455479",14
"455484",9
"455495",9
"455500",9
"455503",9
"455512",10
"455514",10
"455518",15
"455522",6
"455529",6
"455534",16
"455535",16
"455543",16
"455559",22
"455560",7
"455564",17
"455569",3
"455570",12
"455579",13
"455744",3
"455745",3
"455746",3
"455747",3
"530136",11
"530137",11
"530167",3
"530172",16
"530173",11
"530174",11
"530180",16
"530183",3
"530186",3
"530187",3
"530188",3
"530189",3
"530190",3
"530240",1
"530249",6
"530250",9
"530253",19
"530361",10
"530365",15
"530366",9
"530369",11
"530370",16
"530371",11
"530373",16
"530375",15
"530376",10
"530378",3
"530389",15
"530390",3
"530436",5
"530437",2
"530441",5
"530462",3
"531",10
"532",14
"536",10
"5419",9
"5420",15
"55442",19
"55449",17
"55457",13
"55458",13
"55476",6
"55487",2
"559356",13
"559361",7
"559376",4
"559377",7
"559389",4
"559391",3
"559393",3
"559395",3
"559419",7
"559420",6
"559431",20
"559443",11
"559446",15
"559447",10
"559448",15
"559470",18
"559471",17
"559473",11
"559474",10
"559475",10
"559495",16
"606660",13
"606661",13
"606662",13
"606663",13
"606664",13
"606666",13
"606667",13
"606678",13
"606679",13
"610124",21
"610125",21
"610547",17
"610548",17
"610550",17
"610551",17
"610552",16
"610553",17
"610556",17
"610558",17
"610605",16
"610606",15
"610607",19
"610608",19
"610609",21
"610610",15
"610611",21
"610613",11
"610614",19
"610617",19
"610619",16
"610620",16
"610622",11
"610625",15
"610626",20
"610627",16
"610628",15
"610629",11
"610630",15
"610631",16
"610632",15
"610633",16
"610635",15
"610637",16
"610639",14
"610640",21
"610643",19
"610644",15
"610645",19
"610646",16
"610648",16
"610649",16
"610650",20
"610651",15
"610652",15
"610653",10
"610655",15
"610657",12
"610660",15
"610661",16
"610663",15
"610666",16
"610667",16
"610668",20
"610670",17
"610672",11
"610673",15
"610674",19
"610675",19
"610676",14
"610678",11
"610681",16
"610684",14
"610688",16
"610691",11
"610694",16
"610696",20
"610697",11
"610698",15
"610699",15
"610700",15
"610701",15
"610704",19
"610705",16
"610706",16
"610707",15
"610709",15
"610721",15
"610733",14
"610737",14
"610749",9
"610751",14
"610772",10
"610776",10
"610782",15
"610907",14
"610908",14
"610913",6
"610914",12
"610915",18
"610917",3
"610919",6
"610923",10
"610926",12
"610928",8
"610935",4
"610939",2
"610940",10
"610942",4
"610946",17
"610948",18
"610949",8
"610954",11
"610956",6
"610958",5
"610959",11
"610960",10
"610961",12
"610966",6
"610967",12
"610968",17
"610969",3
"610971",11
"610976",3
"610977",2
"610978",12
"610981",7
"610983",18
"610984",12
"610985",17
"610987",11
"610988",12
"610989",12
"610994",8
"610995",17
"610996",11
"610997",10
"611005",3
"611010",12
"611013",12
"611016",3
"611018",4
"611023",11
"611024",4
"611025",7
"611026",18
"611028",3
"611029",18
"611036",11
"611040",5
"611043",11
"611046",5
"611048",18
"611049",7
"611051",2
"611058",4
"611059",6
"611061",4
"611062",5
"611065",7
"611066",4
"611068",12
"611072",12
"611076",11
"611077",22
"611079",11
"611085",8
"611086",3
"611088",17
"611090",4
"611094",18
"611095",18
"611097",18
"611102",8
"611105",10
"611107",4
"611108",11
"611109",7
"611110",12
"611114",7
"611116",11
"611117",11
"611118",18
"611120",12
"611122",12
"611124",8
"611127",11
"611130",22
"611137",6
"611138",12
"611139",6
"611140",2
"611143",11
"611144",5
"611149",11
"611150",4
"611151",3
"611154",5
"611159",4
"611160",12
"611162",12
"611169",10
"611172",10
"611180",17
"611181",6
"611184",3
"611186",11
"611188",6
"611189",11
"611198",18
"611199",11
"611200",17
"611203",12
"611204",12
"611205",22
"611206",11
"611215",18
"611219",11
"611223",18
"611224",5
"611228",17
"611229",12
"611230",18
"611231",11
"611234",12
"611238",12
"611239",5
"611243",18
"611253",12
"611259",12
"611261",7
"611270",12
"611272",10
"611273",22
"611275",6
"611276",12
"611277",18
"611280",5
"611281",12
"611287",12
"611288",12
"611334",6
"627498",13
"627526",18
"627544",22
"627552",6
"627555",4
"627578",11
"627581",17
"627582",17
"627584",21
"627595",17
"627616",6
"627619",12
"627628",8
"627637",5
"627660",6
"627661",6
"627662",16
"627664",8
"627666",8
"627685",18
"627688",13
"627696",6
"627717",17
"627718",8
"627751",4
"627753",18
"627754",10
"627776",21
"627779",17
"627780",14
"627787",21
"627788",21
"627793",11
"627811",12
"627824",15
"627833",3
"627867",11
"627868",18
"627888",18
"627892",10
"627904",17
"90545",15
"90548",10
"90549",10
"90551",15
"90553",10
"90557",10
"90559",10
"90562",10
"90567",15
